app,DisplayName,License,Whitelist,Blacklist
"VMware Fusion.app/Contents/Library/services/VMware_Fusion_Services_3_4","VMWare Fusion",,,
"VMware Fusion.app/Contents/Library/thnuclnt/thnuclnt_-pdir_/var/folders/bx/7k1mp6yx09zf17dtkz_99zbjgmy86k/T//vmware-jbjerke/thnuclnt-30539_-fg","VMWare Fusion",,,
"VMware Fusion.app/Contents/Library/vmnet-bridge","VMWare Fusion",,,
"VMware Fusion.app/Contents/Library/vmnet-dhcpd_-s_7_-cf_/Library/Preferences/VMware_Fusion/vmnet1/dhcpd.conf_-lf_/var/db/vmware/vmnet-dhcpd-vmnet1.leases_-pf_/var/run/vmnet-dhcpd-vmnet1.pid_vmnet1","VMWare Fusion",,,
"VMware Fusion.app/Contents/Library/vmnet-dhcpd_-s_7_-cf_/Library/Preferences/VMware_Fusion/vmnet8/dhcpd.conf_-lf_/var/db/vmware/vmnet-dhcpd-vmnet8.leases_-pf_/var/run/vmnet-dhcpd-vmnet8.pid_vmnet8","VMWare Fusion",,,
"VMware Fusion.app/Contents/Library/vmnet-natd_-s_7_-m_/Library/Preferences/VMware_Fusion/vmnet8/nat.mac_-c_/Library/Preferences/VMware_Fusion/vmnet8/nat.conf","VMWare Fusion",,,
"VMware Fusion.app/Contents/Library/vmnet-netifup_-s_7_-d_/var/run/vmnet-netif-vmnet1.pid_vmnet1_vmnet1","VMWare Fusion",,,
"VMware Fusion.app/Contents/Library/vmnet-netifup_-s_7_-d_/var/run/vmnet-netif-vmnet8.pid_vmnet8_vmnet8","VMWare Fusion",,,
"VMware Fusion.app/Contents/Library/VMware_Fusion_Start_Menu.app/Contents/MacOS/VMware_Fusion_Start_Menu","VMWare Fusion",,,
"VMware Fusion.app/Contents/Library/vmware-usbarbitrator_--kext_/Applications/VMware_Fusion.app/Contents/Library/kexts/vmioplug.kext","VMWare Fusion",,,
"VMware Fusion.app/Contents/Library/vmware-vmx_-E_en_-s_vmx.stdio.keep=TRUE_-#_product=64;name=VMware_Fusion;version=7.1.0;buildnumber=2314774;licensename=VMware_Fusion_for_Mac_OS;licenseversion=7.0;_-@_duplex=3;msgs=ui_-D_4_/Users/jbjerke/Documents/Virtual_Machines/Windows_7_x64-Sainsburys.vmwarevm/Windows_7_x64-Sainsburys.vmx","VMWare Fusion",,,
"VMware Fusion.app/Contents/MacOS/VMware_Fusion","VMWare Fusion",,,
"Spotify --upgrade-failed",Spotify,,,
"Spotify Helper.app/Contents/MacOS/Spotify_Helper_--type=gpu-process_--channel=29106.0.640674221_--lang=en-US_--log-severity=disable_--product-version=Spotify/1.0.14.124_--supports-dual-gpus=false_--gpu-driver-bug-workarounds=16,25,30,32,41,44,46,50,56_--gpu-vendor-id=0x8086_--gpu-device-id=0x0a26_--gpu-driver-vendor_--gpu-driver-version_--lang=en-US_--log-severity=disable_--product-version=Spotify/1.0.14.124",Spotify,,,
"Spotify Helper.app/Contents/MacOS/Spotify_Helper_--type=renderer_--enable-deferred-image-decoding_--lang=en-US_--lang=en-US_--log-severity=disable_--product-version=Spotify/1.0.14.124_--disable-scroll-bounce_--disable-spell-checking_--enable-pinch-virtual-viewport_--enable-delegated-renderer_--num-raster-threads=2_--use-image-texture-target=3553_--channel=29106.1.1233446253",Spotify,,,
"[splunkd pid=1905]_splunkd_-p_8090_start_[process-runner]_SER=root_SUDO_USER=jbjerke",Splunk,,,
"Box Sync/Documents/Splunk/Product/Instance/partnerkit/bin/splunk_stop",Splunk,,,
"Box Sync/Documents/Splunk/Product/Instance/partnerkit/bin/splunkd_btool_web_list_settings_--no-log",Splunk,,,
"Box Sync/Documents/Splunk/Product/Instance/win/bin/python_-O_/Users/jbjerke/Box_Sync/Documents/Splunk/Product/Instance/win/lib/python2.7/site-packages/splunk/appserver/mrsparkle/root.py_--proxied=127.0.0.1,8065,8006",Splunk,,,
"Box Sync/Documents/Splunk/Product/Instance/win/bin/splunkd_instrument-resource-usage_-p_8090_--with-kvstore",Splunk,,,
"mongod --dbpath=/Users/jbjerke/Box_Sync/Documents/Splunk/Product/Instance/win/var/lib/splunk/kvstore/mongo_--port=8191_--timeStampFormat=iso8601-utc_--smallfiles_--oplogSize=200_--keyFile=/Users/jbjerke/Box_Sync/Documents/Splunk/Product/Instance/win/var/lib/splunk/kvstore/mongo/splunk.key_--setParameter=enableLocalhostAuthBypass=0_--replSet=513FE148-8C8D-40B3-A821-9195C08FFBCF_--sslAllowInvalidHostnames_--sslMode=preferSSL_--sslPEMKeyFile=/Users/jbjerke/Box_Sync/Documents/Splunk/Product/Instance/win/etc/auth/server.pem_--sslPEMKeyPassword=xxxxxxxx_--nounixsocket",Splunk,,,
"splunkd -p_8090_start",Splunk,,,
"Microsoft Office_2011/Microsoft_Word.app/Contents/MacOS/Microsoft_Word_-psn_0_704684","Microsoft Word",,,
"Microsoft Office_2011/Microsoft_PowerPoint.app/Contents/MacOS/Microsoft_PowerPoint","Microsoft Powerpoint",,,
"Microsoft Office_2011/Microsoft_Outlook.app/Contents/MacOS/Microsoft_Outlook","Microsoft Outlook",,,
"Microsoft Office_2011/Microsoft_Excel.app/Contents/MacOS/Microsoft_Excel","Microsoft Excel",,,
"Microsoft Office_2011/Office/Microsoft_Database_Daemon.app/Contents/MacOS/Microsoft_Database_Daemon","Microsoft Databse Daemon",,,
"Application Support/Microsoft/MAU2.0/Microsoft_AutoUpdate.app/Contents/MacOS/Microsoft_AU_Daemon.app/Contents/MacOS/Microsoft_AU_Daemon","Microsoft AutoUpdate",,,
"Microsoft Office_2011/Office/Microsoft_Alerts_Daemon.app/Contents/MacOS/Microsoft_Alerts_Daemon","Microsoft Alerts Daemon",,,
"Google Chrome_Canary.app/Contents/MacOS/Google_Chrome_Canary","Google Chrome",,,
"Google Chrome_Canary.app/Contents/Versions/48.0.2541.0/Google_Chrome_Framework.framework/Helpers/crashpad_handler_--database=/Users/jbjerke/Library/Application_Support/Google/Chrome_Canary/Crashpad_--url=https://clients2.google.com/cr/report_--annotation=plat=OS_X_--annotation=prod=Chrome_Mac_--annotation=ver=48.0.2541.0_--handshake-fd=7","Google Chrome",,,
"Google Chrome_Canary.app/Contents/Versions/48.0.2541.0/Google_Chrome_Helper.app/Contents/MacOS/Google_Chrome_Helper_--type=gpu-process_--channel=959.0.337668725_--metrics-client-id=E51C3D9E-0A93-A1BF-AE83-94D6D2DA2FF4_--supports-dual-gpus=false_--gpu-driver-bug-workarounds=14,15,28,33,37,46,50,53,57,63_--gpu-vendor-id=0x8086_--gpu-device-id=0x0a26_--gpu-driver-vendor_--gpu-driver-version_--metrics-client-id=E51C3D9E-0A93-A1BF-AE83-94D6D2DA2FF4","Google Chrome",,,
"Google Chrome_Canary.app/Contents/Versions/48.0.2541.0/Google_Chrome_Helper.app/Contents/MacOS/Google_Chrome_Helper_--type=renderer_--lang=en-US_--force-fieldtrials=AVFoundationMacVideoCapture/EnabledByFlag/AffiliationBasedMatching/Enabled/AppBannerTriggering/Conservative/AudioProcessing48kHzSupport/Enabled/*AutofillClassifier/Control/AutofillProfileOrderByFrecency/Control/*AutomaticTabDiscarding/Control/BackgroundRendererProcesses/Disallow/*BackgroundTracing/default/CTRequiredForEVTrial/RequirementEnforced/CaptivePortalInterstitial/Enabled/*ChildAccountDetection/Enabled/ChromeDashboard/Default/*ChromeSuggestions/FeedbackRanker_Mixed_2/ChromotingQUIC/Disabled/*ClientSideDetectionModel/Model0/CrossDevicePromo/ControlLarge/*DataReductionProxyConfigService/Control_Enabled/*DomRel-Enable/enable/*EmbeddedSearch/Group1_dev:pp6_prefetch_results:1_reuse_instant_search_base_page:1/EnableGoogleCachedCopyTextExperiment/Button/*EnhancedBookmarks/Default/*ExtensionActionRedesign/Default/ExtensionDeveloperModeWarning/Control/*ExtensionInstallVerification/Control/*IconNTP/Default/InstanceID/Enabled/IntelligentSessionRestore/Enabled2/*LightSpeed/Control_PrefetchDWriteFontCache/*LocalNTPSuggestionsService/Control/MaterialDesignDownloads/Control/*NewProfileManagement/Enabled/NewVideoRendererTrial/Enabled/OmniboxBundledExperimentV1/DevHQPDoesHUPLikeScoringControl/*OutOfProcessPac/Default/PasswordBranding/Disabled/*PasswordGeneration/Disabled/PasswordLinkInSettings/Enabled/PasswordManagerUI/Bubble/*PluginPowerSaver/Enabled/PrerenderFromOmnibox/OmniboxPrerenderEnabled/*QUIC/Enabled/*RefreshTokenDeviceId/Enabled/ReportCertificateErrors/ShowAndPossiblySend/*ResourcePriorities/Disabled/SHA1IdentityUIWarning/Enabled/SHA1ToolbarUIJanuary2016/Warning/SHA1ToolbarUIJanuary2017/Error/SSLCommonNameMismatchHandling/Enabled/*SafeBrowsingIncidentReportingService/Enabled/SafeBrowsingReportPhishingErrorLink/Enabled/SafeBrowsingSocialEngineeringStrings/Disabled/SafeBrowsingUpdateFrequency/Default/*SdchPersistence/Disabled/*SimpleCacheTrial/ExperimentYes/*SiteEngagement/Default/SlimmingPaint/DisableSlimmingPaint/*StunProbeTrial/Default/SyncBackingDatabase32K/Enabled/SyncOptimisticBookmarkAssociation/Disabled/TabSyncByRecency/Enabled/*UMA-Population-Restrict/normal/*UMA-Uniformity-Trial-100-Percent/group_01/*UMA-Uniformity-Trial-20-Percent/default/*UMA-Uniformity-Trial-50-Percent/default/*UseDelayAgnosticAEC/DefaultEnabled/*VarationsServiceControl/Interval_30min/VoiceTrigger/Install/WebRTC-LocalIPPermissionCheck/Enabled/WebRTC-PeerConnectionDTLS1.2/Control/*WebRTC-SupportVP9/Default/_--metrics-client-id=E51C3D9E-0A93-A1BF-AE83-94D6D2DA2FF4_--extension-process_--enable-webrtc-hw-h264-encoding_--disable-client-side-phishing-detection_--enable-offline-auto-reload_--enable-offline-auto-reload-visible-only_--num-raster-threads=2_--enable-zero-copy_--content-image-texture-target=3553,3553,3553,3553,3553,34037,3553,3553,3553,34037,3553,34037,34037_--video-image-texture-target=34037_--channel=959.1.170532438","Google Chrome",,,
"Google Chrome_Canary.app/Contents/Versions/48.0.2541.0/Google_Chrome_Helper.app/Contents/MacOS/Google_Chrome_Helper_--type=renderer_--lang=en-US_--force-fieldtrials=AVFoundationMacVideoCapture/EnabledByFlag/AffiliationBasedMatching/Enabled/AppBannerTriggering/Conservative/AudioProcessing48kHzSupport/Enabled/*AutofillClassifier/Control/AutofillProfileOrderByFrecency/Control/*AutomaticTabDiscarding/Control/BackgroundRendererProcesses/Disallow/*BackgroundTracing/default/CTRequiredForEVTrial/RequirementEnforced/CaptivePortalInterstitial/Enabled/*ChildAccountDetection/Enabled/ChromeDashboard/Default/*ChromeSuggestions/FeedbackRanker_Mixed_2/ChromotingQUIC/Disabled/*ClientSideDetectionModel/Model0/CrossDevicePromo/ControlLarge/*DataReductionProxyConfigService/Control_Enabled/*DomRel-Enable/enable/*EmbeddedSearch/Group1_dev:pp6_prefetch_results:1_reuse_instant_search_base_page:1/EnableGoogleCachedCopyTextExperiment/Button/*EnhancedBookmarks/Default/*ExtensionActionRedesign/Default/ExtensionDeveloperModeWarning/Control/*ExtensionInstallVerification/Control/*IconNTP/Default/InstanceID/Enabled/IntelligentSessionRestore/Enabled2/*LightSpeed/Control_PrefetchDWriteFontCache/*LocalNTPSuggestionsService/Control/MaterialDesignDownloads/Control/*NewProfileManagement/Enabled/NewVideoRendererTrial/Enabled/OmniboxBundledExperimentV1/DevHQPDoesHUPLikeScoringControl/*OutOfProcessPac/Default/PasswordBranding/Disabled/*PasswordGeneration/Disabled/PasswordLinkInSettings/Enabled/PasswordManagerUI/Bubble/*PluginPowerSaver/Enabled/PrerenderFromOmnibox/OmniboxPrerenderEnabled/*QUIC/Enabled/*RefreshTokenDeviceId/Enabled/ReportCertificateErrors/ShowAndPossiblySend/*ResourcePriorities/Disabled/SHA1IdentityUIWarning/Enabled/SHA1ToolbarUIJanuary2016/Warning/SHA1ToolbarUIJanuary2017/Error/SSLCommonNameMismatchHandling/Enabled/*SafeBrowsingIncidentReportingService/Enabled/SafeBrowsingReportPhishingErrorLink/Enabled/SafeBrowsingSocialEngineeringStrings/Disabled/SafeBrowsingUpdateFrequency/Default/*SdchPersistence/Disabled/*SimpleCacheTrial/ExperimentYes/*SiteEngagement/Default/SlimmingPaint/DisableSlimmingPaint/*StunProbeTrial/Default/SyncBackingDatabase32K/Enabled/SyncOptimisticBookmarkAssociation/Disabled/TabSyncByRecency/Enabled/*UMA-Population-Restrict/normal/*UMA-Uniformity-Trial-100-Percent/group_01/*UMA-Uniformity-Trial-20-Percent/default/*UMA-Uniformity-Trial-50-Percent/default/*UseDelayAgnosticAEC/DefaultEnabled/*VarationsServiceControl/Interval_30min/VoiceTrigger/Install/WebRTC-LocalIPPermissionCheck/Enabled/WebRTC-PeerConnectionDTLS1.2/Control/*WebRTC-SupportVP9/Default/_--metrics-client-id=E51C3D9E-0A93-A1BF-AE83-94D6D2DA2FF4_--extension-process_--enable-webrtc-hw-h264-encoding_--disable-client-side-phishing-detection_--enable-offline-auto-reload_--enable-offline-auto-reload-visible-only_--num-raster-threads=2_--enable-zero-copy_--content-image-texture-target=3553,3553,3553,3553,3553,34037,3553,3553,3553,34037,3553,34037,34037_--video-image-texture-target=34037_--channel=959.2.2078339106","Google Chrome",,,
"Google Chrome_Canary.app/Contents/Versions/48.0.2541.0/Google_Chrome_Helper.app/Contents/MacOS/Google_Chrome_Helper_--type=renderer_--lang=en-US_--force-fieldtrials=AVFoundationMacVideoCapture/EnabledByFlag/AffiliationBasedMatching/Enabled/AppBannerTriggering/Conservative/AudioProcessing48kHzSupport/Enabled/*AutofillClassifier/Control/AutofillProfileOrderByFrecency/Control/*AutomaticTabDiscarding/Control/BackgroundRendererProcesses/Disallow/*BackgroundTracing/default/CTRequiredForEVTrial/RequirementEnforced/CaptivePortalInterstitial/Enabled/*ChildAccountDetection/Enabled/ChromeDashboard/Default/*ChromeSuggestions/FeedbackRanker_Mixed_2/ChromotingQUIC/Disabled/*ClientSideDetectionModel/Model0/CrossDevicePromo/ControlLarge/*DataReductionProxyConfigService/Control_Enabled/*DomRel-Enable/enable/*EmbeddedSearch/Group1_dev:pp6_prefetch_results:1_reuse_instant_search_base_page:1/EnableGoogleCachedCopyTextExperiment/Button/*EnhancedBookmarks/Default/*ExtensionActionRedesign/Default/ExtensionDeveloperModeWarning/Control/*ExtensionInstallVerification/Control/*IconNTP/Default/InstanceID/Enabled/IntelligentSessionRestore/Enabled2/*LightSpeed/Control_PrefetchDWriteFontCache/*LocalNTPSuggestionsService/Control/MaterialDesignDownloads/Control/*NewProfileManagement/Enabled/NewVideoRendererTrial/Enabled/OmniboxBundledExperimentV1/DevHQPDoesHUPLikeScoringControl/*OutOfProcessPac/Default/PasswordBranding/Disabled/*PasswordGeneration/Disabled/PasswordLinkInSettings/Enabled/PasswordManagerUI/Bubble/*PluginPowerSaver/Enabled/PrerenderFromOmnibox/OmniboxPrerenderEnabled/*QUIC/Enabled/*RefreshTokenDeviceId/Enabled/ReportCertificateErrors/ShowAndPossiblySend/*ResourcePriorities/Disabled/SHA1IdentityUIWarning/Enabled/SHA1ToolbarUIJanuary2016/Warning/SHA1ToolbarUIJanuary2017/Error/SSLCommonNameMismatchHandling/Enabled/*SafeBrowsingIncidentReportingService/Enabled/SafeBrowsingReportPhishingErrorLink/Enabled/SafeBrowsingSocialEngineeringStrings/Disabled/SafeBrowsingUpdateFrequency/Default/*SdchPersistence/Disabled/*SimpleCacheTrial/ExperimentYes/*SiteEngagement/Default/SlimmingPaint/DisableSlimmingPaint/*StunProbeTrial/Default/SyncBackingDatabase32K/Enabled/SyncOptimisticBookmarkAssociation/Disabled/TabSyncByRecency/Enabled/*UMA-Population-Restrict/normal/*UMA-Uniformity-Trial-100-Percent/group_01/*UMA-Uniformity-Trial-20-Percent/default/*UMA-Uniformity-Trial-50-Percent/default/*UseDelayAgnosticAEC/DefaultEnabled/*VarationsServiceControl/Interval_30min/VoiceTrigger/Install/WebRTC-LocalIPPermissionCheck/Enabled/WebRTC-PeerConnectionDTLS1.2/Control/*WebRTC-SupportVP9/Default/_--metrics-client-id=E51C3D9E-0A93-A1BF-AE83-94D6D2DA2FF4_--extension-process_--enable-webrtc-hw-h264-encoding_--disable-client-side-phishing-detection_--enable-offline-auto-reload_--enable-offline-auto-reload-visible-only_--num-raster-threads=2_--enable-zero-copy_--content-image-texture-target=3553,3553,3553,3553,3553,34037,3553,3553,3553,34037,3553,34037,34037_--video-image-texture-target=34037_--channel=959.3.1366569626","Google Chrome",,,
"Google Chrome_Canary.app/Contents/Versions/48.0.2541.0/Google_Chrome_Helper.app/Contents/MacOS/Google_Chrome_Helper_--type=renderer_--lang=en-US_--force-fieldtrials=AVFoundationMacVideoCapture/EnabledByFlag/AffiliationBasedMatching/Enabled/AppBannerTriggering/Conservative/AudioProcessing48kHzSupport/Enabled/*AutofillClassifier/Control/AutofillProfileOrderByFrecency/Control/*AutomaticTabDiscarding/Control/BackgroundRendererProcesses/Disallow/*BackgroundTracing/default/CTRequiredForEVTrial/RequirementEnforced/CaptivePortalInterstitial/Enabled/*ChildAccountDetection/Enabled/ChromeDashboard/Default/*ChromeSuggestions/FeedbackRanker_Mixed_2/ChromotingQUIC/Disabled/*ClientSideDetectionModel/Model0/CrossDevicePromo/ControlLarge/*DataReductionProxyConfigService/Control_Enabled/*DomRel-Enable/enable/*EmbeddedSearch/Group1_dev:pp6_prefetch_results:1_reuse_instant_search_base_page:1/EnableGoogleCachedCopyTextExperiment/Button/*EnhancedBookmarks/Default/*ExtensionActionRedesign/Default/ExtensionDeveloperModeWarning/Control/*ExtensionInstallVerification/Control/*IconNTP/Default/InstanceID/Enabled/IntelligentSessionRestore/Enabled2/*LightSpeed/Control_PrefetchDWriteFontCache/*LocalNTPSuggestionsService/Control/MaterialDesignDownloads/Control/*NewProfileManagement/Enabled/NewVideoRendererTrial/Enabled/OmniboxBundledExperimentV1/DevHQPDoesHUPLikeScoringControl/*OutOfProcessPac/Default/PasswordBranding/Disabled/*PasswordGeneration/Disabled/PasswordLinkInSettings/Enabled/PasswordManagerUI/Bubble/*PluginPowerSaver/Enabled/PrerenderFromOmnibox/OmniboxPrerenderEnabled/*QUIC/Enabled/*RefreshTokenDeviceId/Enabled/ReportCertificateErrors/ShowAndPossiblySend/*ResourcePriorities/Disabled/SHA1IdentityUIWarning/Enabled/SHA1ToolbarUIJanuary2016/Warning/SHA1ToolbarUIJanuary2017/Error/SSLCommonNameMismatchHandling/Enabled/*SafeBrowsingIncidentReportingService/Enabled/SafeBrowsingReportPhishingErrorLink/Enabled/SafeBrowsingSocialEngineeringStrings/Disabled/SafeBrowsingUpdateFrequency/Default/*SdchPersistence/Disabled/*SimpleCacheTrial/ExperimentYes/*SiteEngagement/Default/SlimmingPaint/DisableSlimmingPaint/*StunProbeTrial/Default/SyncBackingDatabase32K/Enabled/SyncOptimisticBookmarkAssociation/Disabled/TabSyncByRecency/Enabled/*UMA-Population-Restrict/normal/*UMA-Uniformity-Trial-100-Percent/group_01/*UMA-Uniformity-Trial-20-Percent/default/*UMA-Uniformity-Trial-50-Percent/default/*UseDelayAgnosticAEC/DefaultEnabled/*VarationsServiceControl/Interval_30min/VoiceTrigger/Install/WebRTC-LocalIPPermissionCheck/Enabled/WebRTC-PeerConnectionDTLS1.2/Control/*WebRTC-SupportVP9/Default/_--metrics-client-id=E51C3D9E-0A93-A1BF-AE83-94D6D2DA2FF4_--extension-process_--enable-webrtc-hw-h264-encoding_--disable-client-side-phishing-detection_--enable-offline-auto-reload_--enable-offline-auto-reload-visible-only_--num-raster-threads=2_--enable-zero-copy_--content-image-texture-target=3553,3553,3553,3553,3553,34037,3553,3553,3553,34037,3553,34037,34037_--video-image-texture-target=34037_--channel=959.4.1100803329","Google Chrome",,,
"Google Chrome_Canary.app/Contents/Versions/48.0.2541.0/Google_Chrome_Helper.app/Contents/MacOS/Google_Chrome_Helper_--type=renderer_--lang=en-US_--force-fieldtrials=AVFoundationMacVideoCapture/EnabledByFlag/AffiliationBasedMatching/Enabled/AppBannerTriggering/Conservative/AudioProcessing48kHzSupport/Enabled/*AutofillClassifier/Control/AutofillProfileOrderByFrecency/Control/*AutomaticTabDiscarding/Control/BackgroundRendererProcesses/Disallow/*BackgroundTracing/default/CTRequiredForEVTrial/RequirementEnforced/CaptivePortalInterstitial/Enabled/*ChildAccountDetection/Enabled/ChromeDashboard/Default/*ChromeSuggestions/FeedbackRanker_Mixed_2/ChromotingQUIC/Disabled/*ClientSideDetectionModel/Model0/CrossDevicePromo/ControlLarge/*DataReductionProxyConfigService/Control_Enabled/*DomRel-Enable/enable/*EmbeddedSearch/Group1_dev:pp6_prefetch_results:1_reuse_instant_search_base_page:1/EnableGoogleCachedCopyTextExperiment/Button/*EnhancedBookmarks/Default/*ExtensionActionRedesign/Default/ExtensionDeveloperModeWarning/Control/*ExtensionInstallVerification/Control/*IconNTP/Default/InstanceID/Enabled/IntelligentSessionRestore/Enabled2/*LightSpeed/Control_PrefetchDWriteFontCache/*LocalNTPSuggestionsService/Control/MaterialDesignDownloads/Control/*NewProfileManagement/Enabled/NewVideoRendererTrial/Enabled/OmniboxBundledExperimentV1/DevHQPDoesHUPLikeScoringControl/*OutOfProcessPac/Default/PasswordBranding/Disabled/*PasswordGeneration/Disabled/PasswordLinkInSettings/Enabled/PasswordManagerUI/Bubble/*PluginPowerSaver/Enabled/PrerenderFromOmnibox/OmniboxPrerenderEnabled/*QUIC/Enabled/*RefreshTokenDeviceId/Enabled/ReportCertificateErrors/ShowAndPossiblySend/*ResourcePriorities/Disabled/SHA1IdentityUIWarning/Enabled/SHA1ToolbarUIJanuary2016/Warning/SHA1ToolbarUIJanuary2017/Error/SSLCommonNameMismatchHandling/Enabled/*SafeBrowsingIncidentReportingService/Enabled/SafeBrowsingReportPhishingErrorLink/Enabled/SafeBrowsingSocialEngineeringStrings/Disabled/SafeBrowsingUpdateFrequency/Default/*SdchPersistence/Disabled/*SimpleCacheTrial/ExperimentYes/*SiteEngagement/Default/SlimmingPaint/DisableSlimmingPaint/*StunProbeTrial/Default/SyncBackingDatabase32K/Enabled/SyncOptimisticBookmarkAssociation/Disabled/TabSyncByRecency/Enabled/*UMA-Population-Restrict/normal/*UMA-Uniformity-Trial-100-Percent/group_01/*UMA-Uniformity-Trial-20-Percent/default/*UMA-Uniformity-Trial-50-Percent/default/*UseDelayAgnosticAEC/DefaultEnabled/*VarationsServiceControl/Interval_30min/VoiceTrigger/Install/WebRTC-LocalIPPermissionCheck/Enabled/WebRTC-PeerConnectionDTLS1.2/Control/*WebRTC-SupportVP9/Default/_--metrics-client-id=E51C3D9E-0A93-A1BF-AE83-94D6D2DA2FF4_--extension-process_--enable-webrtc-hw-h264-encoding_--disable-client-side-phishing-detection_--enable-offline-auto-reload_--enable-offline-auto-reload-visible-only_--num-raster-threads=2_--enable-zero-copy_--content-image-texture-target=3553,3553,3553,3553,3553,34037,3553,3553,3553,34037,3553,34037,34037_--video-image-texture-target=34037_--channel=959.5.455605520","Google Chrome",,,
"Google Chrome_Canary.app/Contents/Versions/48.0.2541.0/Google_Chrome_Helper.app/Contents/MacOS/Google_Chrome_Helper_--type=renderer_--lang=en-US_--force-fieldtrials=AVFoundationMacVideoCapture/EnabledByFlag/AffiliationBasedMatching/Enabled/AppBannerTriggering/Conservative/AudioProcessing48kHzSupport/Enabled/*AutofillClassifier/Control/AutofillProfileOrderByFrecency/Control/*AutomaticTabDiscarding/Control/BackgroundRendererProcesses/Disallow/*BackgroundTracing/default/CTRequiredForEVTrial/RequirementEnforced/CaptivePortalInterstitial/Enabled/*ChildAccountDetection/Enabled/ChromeDashboard/Default/*ChromeSuggestions/FeedbackRanker_Mixed_2/ChromotingQUIC/Disabled/*ClientSideDetectionModel/Model0/CrossDevicePromo/ControlLarge/*DataReductionProxyConfigService/Control_Enabled/*DomRel-Enable/enable/*EmbeddedSearch/Group1_dev:pp6_prefetch_results:1_reuse_instant_search_base_page:1/EnableGoogleCachedCopyTextExperiment/Button/*EnhancedBookmarks/Default/*ExtensionActionRedesign/Default/ExtensionDeveloperModeWarning/Control/*ExtensionInstallVerification/Control/*IconNTP/Default/InstanceID/Enabled/IntelligentSessionRestore/Enabled2/*LightSpeed/Control_PrefetchDWriteFontCache/*LocalNTPSuggestionsService/Control/MaterialDesignDownloads/Control/*NewProfileManagement/Enabled/NewVideoRendererTrial/Enabled/OmniboxBundledExperimentV1/DevHQPDoesHUPLikeScoringControl/*OutOfProcessPac/Default/PasswordBranding/Disabled/*PasswordGeneration/Disabled/PasswordLinkInSettings/Enabled/PasswordManagerUI/Bubble/*PluginPowerSaver/Enabled/PrerenderFromOmnibox/OmniboxPrerenderEnabled/*QUIC/Enabled/*RefreshTokenDeviceId/Enabled/ReportCertificateErrors/ShowAndPossiblySend/*ResourcePriorities/Disabled/SHA1IdentityUIWarning/Enabled/SHA1ToolbarUIJanuary2016/Warning/SHA1ToolbarUIJanuary2017/Error/SSLCommonNameMismatchHandling/Enabled/*SafeBrowsingIncidentReportingService/Enabled/SafeBrowsingReportPhishingErrorLink/Enabled/SafeBrowsingSocialEngineeringStrings/Disabled/SafeBrowsingUpdateFrequency/Default/*SdchPersistence/Disabled/*SimpleCacheTrial/ExperimentYes/*SiteEngagement/Default/SlimmingPaint/DisableSlimmingPaint/*StunProbeTrial/Default/SyncBackingDatabase32K/Enabled/SyncOptimisticBookmarkAssociation/Disabled/TabSyncByRecency/Enabled/*UMA-Population-Restrict/normal/*UMA-Uniformity-Trial-100-Percent/group_01/*UMA-Uniformity-Trial-20-Percent/default/*UMA-Uniformity-Trial-50-Percent/default/*UseDelayAgnosticAEC/DefaultEnabled/*VarationsServiceControl/Interval_30min/VoiceTrigger/Install/WebRTC-LocalIPPermissionCheck/Enabled/WebRTC-PeerConnectionDTLS1.2/Control/*WebRTC-SupportVP9/Default/_--metrics-client-id=E51C3D9E-0A93-A1BF-AE83-94D6D2DA2FF4_--extension-process_--enable-webrtc-hw-h264-encoding_--disable-client-side-phishing-detection_--enable-offline-auto-reload_--enable-offline-auto-reload-visible-only_--num-raster-threads=2_--enable-zero-copy_--content-image-texture-target=3553,3553,3553,3553,3553,34037,3553,3553,3553,34037,3553,34037,34037_--video-image-texture-target=34037_--channel=959.6.389011601","Google Chrome",,,
"Google Chrome_Canary.app/Contents/Versions/48.0.2541.0/Google_Chrome_Helper.app/Contents/MacOS/Google_Chrome_Helper_--type=renderer_--lang=en-US_--force-fieldtrials=AVFoundationMacVideoCapture/EnabledByFlag/AffiliationBasedMatching/Enabled/AppBannerTriggering/Conservative/AudioProcessing48kHzSupport/Enabled/*AutofillClassifier/Control/AutofillProfileOrderByFrecency/Control/*AutomaticTabDiscarding/Control/BackgroundRendererProcesses/Disallow/*BackgroundTracing/default/CTRequiredForEVTrial/RequirementEnforced/CaptivePortalInterstitial/Enabled/*ChildAccountDetection/Enabled/ChromeDashboard/Default/*ChromeSuggestions/FeedbackRanker_Mixed_2/ChromotingQUIC/Disabled/*ClientSideDetectionModel/Model0/CrossDevicePromo/ControlLarge/*DataReductionProxyConfigService/Control_Enabled/*DomRel-Enable/enable/*EmbeddedSearch/Group1_dev:pp6_prefetch_results:1_reuse_instant_search_base_page:1/EnableGoogleCachedCopyTextExperiment/Button/*EnhancedBookmarks/Default/*ExtensionActionRedesign/Default/ExtensionDeveloperModeWarning/Control/*ExtensionInstallVerification/Control/*IconNTP/Default/InstanceID/Enabled/IntelligentSessionRestore/Enabled2/*LightSpeed/Control_PrefetchDWriteFontCache/*LocalNTPSuggestionsService/Control/MaterialDesignDownloads/Control/*NewProfileManagement/Enabled/NewVideoRendererTrial/Enabled/OmniboxBundledExperimentV1/DevHQPDoesHUPLikeScoringControl/*OutOfProcessPac/Default/PasswordBranding/Disabled/*PasswordGeneration/Disabled/PasswordLinkInSettings/Enabled/PasswordManagerUI/Bubble/*PluginPowerSaver/Enabled/PrerenderFromOmnibox/OmniboxPrerenderEnabled/*QUIC/Enabled/*RefreshTokenDeviceId/Enabled/ReportCertificateErrors/ShowAndPossiblySend/*ResourcePriorities/Disabled/SHA1IdentityUIWarning/Enabled/SHA1ToolbarUIJanuary2016/Warning/SHA1ToolbarUIJanuary2017/Error/SSLCommonNameMismatchHandling/Enabled/*SafeBrowsingIncidentReportingService/Enabled/SafeBrowsingReportPhishingErrorLink/Enabled/SafeBrowsingSocialEngineeringStrings/Disabled/SafeBrowsingUpdateFrequency/Default/*SdchPersistence/Disabled/*SimpleCacheTrial/ExperimentYes/*SiteEngagement/Default/SlimmingPaint/DisableSlimmingPaint/*StunProbeTrial/Default/SyncBackingDatabase32K/Enabled/SyncOptimisticBookmarkAssociation/Disabled/TabSyncByRecency/Enabled/*UMA-Population-Restrict/normal/*UMA-Uniformity-Trial-100-Percent/group_01/*UMA-Uniformity-Trial-20-Percent/default/*UMA-Uniformity-Trial-50-Percent/default/*UseDelayAgnosticAEC/DefaultEnabled/*VarationsServiceControl/Interval_30min/VoiceTrigger/Install/WebRTC-LocalIPPermissionCheck/Enabled/WebRTC-PeerConnectionDTLS1.2/Control/*WebRTC-SupportVP9/Default/_--metrics-client-id=E51C3D9E-0A93-A1BF-AE83-94D6D2DA2FF4_--extension-process_--enable-webrtc-hw-h264-encoding_--disable-client-side-phishing-detection_--enable-offline-auto-reload_--enable-offline-auto-reload-visible-only_--num-raster-threads=2_--enable-zero-copy_--content-image-texture-target=3553,3553,3553,3553,3553,34037,3553,3553,3553,34037,3553,34037,34037_--video-image-texture-target=34037_--channel=959.7.632641659","Google Chrome",,,
"Google Chrome_Canary.app/Contents/Versions/48.0.2541.0/Google_Chrome_Helper.app/Contents/MacOS/Google_Chrome_Helper_--type=renderer_--lang=en-US_--force-fieldtrials=AVFoundationMacVideoCapture/EnabledByFlag/AffiliationBasedMatching/Enabled/AppBannerTriggering/Conservative/AudioProcessing48kHzSupport/Enabled/*AutofillClassifier/Control/AutofillProfileOrderByFrecency/Control/*AutomaticTabDiscarding/Control/BackgroundRendererProcesses/Disallow/*BackgroundTracing/default/CTRequiredForEVTrial/RequirementEnforced/CaptivePortalInterstitial/Enabled/*ChildAccountDetection/Enabled/ChromeDashboard/Default/*ChromeSuggestions/FeedbackRanker_Mixed_2/ChromotingQUIC/Disabled/*ClientSideDetectionModel/Model0/CrossDevicePromo/ControlLarge/*DataReductionProxyConfigService/Control_Enabled/*DomRel-Enable/enable/*EmbeddedSearch/Group1_dev:pp6_prefetch_results:1_reuse_instant_search_base_page:1/EnableGoogleCachedCopyTextExperiment/Button/*EnhancedBookmarks/Default/*ExtensionActionRedesign/Default/ExtensionDeveloperModeWarning/Control/*ExtensionInstallVerification/Control/*IconNTP/Default/InstanceID/Enabled/IntelligentSessionRestore/Enabled2/*LightSpeed/Control_PrefetchDWriteFontCache/*LocalNTPSuggestionsService/Control/MaterialDesignDownloads/Control/*NewProfileManagement/Enabled/NewVideoRendererTrial/Enabled/OmniboxBundledExperimentV1/DevHQPDoesHUPLikeScoringControl/*OutOfProcessPac/Default/PasswordBranding/Disabled/*PasswordGeneration/Disabled/PasswordLinkInSettings/Enabled/PasswordManagerUI/Bubble/*PluginPowerSaver/Enabled/PrerenderFromOmnibox/OmniboxPrerenderEnabled/*QUIC/Enabled/*RefreshTokenDeviceId/Enabled/ReportCertificateErrors/ShowAndPossiblySend/*ResourcePriorities/Disabled/SHA1IdentityUIWarning/Enabled/SHA1ToolbarUIJanuary2016/Warning/SHA1ToolbarUIJanuary2017/Error/SSLCommonNameMismatchHandling/Enabled/*SafeBrowsingIncidentReportingService/Enabled/SafeBrowsingReportPhishingErrorLink/Enabled/SafeBrowsingSocialEngineeringStrings/Disabled/SafeBrowsingUpdateFrequency/Default/*SdchPersistence/Disabled/*SimpleCacheTrial/ExperimentYes/*SiteEngagement/Default/SlimmingPaint/DisableSlimmingPaint/*StunProbeTrial/Default/SyncBackingDatabase32K/Enabled/SyncOptimisticBookmarkAssociation/Disabled/TabSyncByRecency/Enabled/*UMA-Population-Restrict/normal/*UMA-Uniformity-Trial-100-Percent/group_01/*UMA-Uniformity-Trial-20-Percent/default/*UMA-Uniformity-Trial-50-Percent/default/*UseDelayAgnosticAEC/DefaultEnabled/*VarationsServiceControl/Interval_30min/VoiceTrigger/Install/WebRTC-LocalIPPermissionCheck/Enabled/WebRTC-PeerConnectionDTLS1.2/Control/*WebRTC-SupportVP9/Default/_--metrics-client-id=E51C3D9E-0A93-A1BF-AE83-94D6D2DA2FF4_--extension-process_--enable-webrtc-hw-h264-encoding_--disable-client-side-phishing-detection_--enable-offline-auto-reload_--enable-offline-auto-reload-visible-only_--num-raster-threads=2_--enable-zero-copy_--content-image-texture-target=3553,3553,3553,3553,3553,34037,3553,3553,3553,34037,3553,34037,34037_--video-image-texture-target=34037_--channel=959.8.1721325034","Google Chrome",,,
"Google Chrome_Canary.app/Contents/Versions/48.0.2541.0/Google_Chrome_Helper.app/Contents/MacOS/Google_Chrome_Helper_--type=renderer_--lang=en-US_--force-fieldtrials=AVFoundationMacVideoCapture/EnabledByFlag/AffiliationBasedMatching/Enabled/AppBannerTriggering/Conservative/AudioProcessing48kHzSupport/Enabled/*AutofillClassifier/Control/AutofillProfileOrderByFrecency/Control/*AutomaticTabDiscarding/Control/BackgroundRendererProcesses/Disallow/*BackgroundTracing/default/CTRequiredForEVTrial/RequirementEnforced/CaptivePortalInterstitial/Enabled/*ChildAccountDetection/Enabled/ChromeDashboard/Default/*ChromeSuggestions/FeedbackRanker_Mixed_2/ChromotingQUIC/Disabled/*ClientSideDetectionModel/Model0/*CrossDevicePromo/ControlLarge/*DataReductionProxyConfigService/Control_Enabled/*DomRel-Enable/enable/*EmbeddedSearch/Group1_dev:pp6_prefetch_results:1_reuse_instant_search_base_page:1/EnableGoogleCachedCopyTextExperiment/Button/*EnhancedBookmarks/Default/*ExtensionActionRedesign/Default/*ExtensionDeveloperModeWarning/Control/*ExtensionInstallVerification/Control/*IconNTP/Default/InstanceID/Enabled/*IntelligentSessionRestore/Enabled2/*LightSpeed/Control_PrefetchDWriteFontCache/*LocalNTPSuggestionsService/Control/MaterialDesignDownloads/Control/*NewProfileManagement/Enabled/NewVideoRendererTrial/Enabled/*OmniboxBundledExperimentV1/DevHQPDoesHUPLikeScoringControl/*OutOfProcessPac/Default/PasswordBranding/Disabled/*PasswordGeneration/Disabled/PasswordLinkInSettings/Enabled/PasswordManagerUI/Bubble/*PluginPowerSaver/Enabled/*PrerenderFromOmnibox/OmniboxPrerenderEnabled/*QUIC/Enabled/*RefreshTokenDeviceId/Enabled/ReportCertificateErrors/ShowAndPossiblySend/*ResourcePriorities/Disabled/SHA1IdentityUIWarning/Enabled/SHA1ToolbarUIJanuary2016/Warning/SHA1ToolbarUIJanuary2017/Error/SSLCommonNameMismatchHandling/Enabled/*SafeBrowsingIncidentReportingService/Enabled/SafeBrowsingReportPhishingErrorLink/Enabled/SafeBrowsingSocialEngineeringStrings/Disabled/SafeBrowsingUpdateFrequency/Default/*SdchPersistence/Disabled/*SimpleCacheTrial/ExperimentYes/*SiteEngagement/Default/SlimmingPaint/DisableSlimmingPaint/*StunProbeTrial/Default/SyncBackingDatabase32K/Enabled/SyncOptimisticBookmarkAssociation/Disabled/TabSyncByRecency/Enabled/*UMA-Population-Restrict/normal/*UMA-Uniformity-Trial-100-Percent/group_01/*UMA-Uniformity-Trial-20-Percent/default/*UMA-Uniformity-Trial-50-Percent/default/*UseDelayAgnosticAEC/DefaultEnabled/*VarationsServiceControl/Interval_30min/VoiceTrigger/Install/WebRTC-LocalIPPermissionCheck/Enabled/WebRTC-PeerConnectionDTLS1.2/Control/*WebRTC-SupportVP9/Default/_--metrics-client-id=E51C3D9E-0A93-A1BF-AE83-94D6D2DA2FF4_--disable-client-side-phishing-detection_--enable-offline-auto-reload_--enable-offline-auto-reload-visible-only_--num-raster-threads=2_--enable-zero-copy_--content-image-texture-target=3553,3553,3553,3553,3553,34037,3553,3553,3553,34037,3553,34037,34037_--video-image-texture-target=34037_--channel=959.10.208727287","Google Chrome",,,
"Google Chrome_Canary.app/Contents/Versions/48.0.2541.0/Google_Chrome_Helper.app/Contents/MacOS/Google_Chrome_Helper_--type=renderer_--lang=en-US_--force-fieldtrials=AVFoundationMacVideoCapture/EnabledByFlag/AffiliationBasedMatching/Enabled/AppBannerTriggering/Conservative/AudioProcessing48kHzSupport/Enabled/*AutofillClassifier/Control/*AutofillProfileOrderByFrecency/Control/*AutomaticTabDiscarding/Control/BackgroundRendererProcesses/Disallow/*BackgroundTracing/default/CTRequiredForEVTrial/RequirementEnforced/CaptivePortalInterstitial/Enabled/*ChildAccountDetection/Enabled/ChromeDashboard/Default/*ChromeSuggestions/FeedbackRanker_Mixed_2/ChromotingQUIC/Disabled/*ClientSideDetectionModel/Model0/*CrossDevicePromo/ControlLarge/*DataReductionProxyConfigService/Control_Enabled/*DomRel-Enable/enable/*EmbeddedSearch/Group1_dev:pp6_prefetch_results:1_reuse_instant_search_base_page:1/EnableGoogleCachedCopyTextExperiment/Button/*EnhancedBookmarks/Default/*ExtensionActionRedesign/Default/*ExtensionDeveloperModeWarning/Control/*ExtensionInstallVerification/Control/*IconNTP/Default/InstanceID/Enabled/*IntelligentSessionRestore/Enabled2/*LightSpeed/Control_PrefetchDWriteFontCache/*LocalNTPSuggestionsService/Control/MaterialDesignDownloads/Control/*NewProfileManagement/Enabled/NewVideoRendererTrial/Enabled/*OmniboxBundledExperimentV1/DevHQPDoesHUPLikeScoringControl/*OutOfProcessPac/Default/PasswordBranding/Disabled/*PasswordGeneration/Disabled/PasswordLinkInSettings/Enabled/PasswordManagerUI/Bubble/*PluginPowerSaver/Enabled/*PrerenderFromOmnibox/OmniboxPrerenderEnabled/*QUIC/Enabled/*RefreshTokenDeviceId/Enabled/ReportCertificateErrors/ShowAndPossiblySend/*ResourcePriorities/Disabled/SHA1IdentityUIWarning/Enabled/SHA1ToolbarUIJanuary2016/Warning/SHA1ToolbarUIJanuary2017/Error/SSLCommonNameMismatchHandling/Enabled/*SafeBrowsingIncidentReportingService/Enabled/SafeBrowsingReportPhishingErrorLink/Enabled/SafeBrowsingSocialEngineeringStrings/Disabled/SafeBrowsingUpdateFrequency/Default/*SdchPersistence/Disabled/*SimpleCacheTrial/ExperimentYes/*SiteEngagement/Default/SlimmingPaint/DisableSlimmingPaint/*StunProbeTrial/Default/SyncBackingDatabase32K/Enabled/SyncOptimisticBookmarkAssociation/Disabled/TabSyncByRecency/Enabled/*UMA-Population-Restrict/normal/*UMA-Uniformity-Trial-100-Percent/group_01/*UMA-Uniformity-Trial-20-Percent/default/*UMA-Uniformity-Trial-50-Percent/default/*UseDelayAgnosticAEC/DefaultEnabled/*VarationsServiceControl/Interval_30min/VoiceTrigger/Install/WebRTC-LocalIPPermissionCheck/Enabled/WebRTC-PeerConnectionDTLS1.2/Control/*WebRTC-SupportVP9/Default/_--metrics-client-id=E51C3D9E-0A93-A1BF-AE83-94D6D2DA2FF4_--disable-client-side-phishing-detection_--enable-offline-auto-reload_--enable-offline-auto-reload-visible-only_--num-raster-threads=2_--enable-zero-copy_--content-image-texture-target=3553,3553,3553,3553,3553,34037,3553,3553,3553,34037,3553,34037,34037_--video-image-texture-target=34037_--channel=959.79.852389199","Google Chrome",,,
"Google Chrome_Canary.app/Contents/Versions/48.0.2541.0/Google_Chrome_Helper.app/Contents/MacOS/Google_Chrome_Helper_--type=renderer_--lang=en-US_--force-fieldtrials=AVFoundationMacVideoCapture/EnabledByFlag/AffiliationBasedMatching/Enabled/AppBannerTriggering/Conservative/AudioProcessing48kHzSupport/Enabled/*AutofillClassifier/Control/*AutofillProfileOrderByFrecency/Control/*AutomaticTabDiscarding/Control/BackgroundRendererProcesses/Disallow/*BackgroundTracing/default/CTRequiredForEVTrial/RequirementEnforced/CaptivePortalInterstitial/Enabled/*ChildAccountDetection/Enabled/ChromeDashboard/Default/*ChromeSuggestions/FeedbackRanker_Mixed_2/ChromotingQUIC/Disabled/*ClientSideDetectionModel/Model0/*CrossDevicePromo/ControlLarge/*DataReductionProxyConfigService/Control_Enabled/*DomRel-Enable/enable/*EmbeddedSearch/Group1_dev:pp6_prefetch_results:1_reuse_instant_search_base_page:1/EnableGoogleCachedCopyTextExperiment/Button/*EnhancedBookmarks/Default/*ExtensionActionRedesign/Default/*ExtensionDeveloperModeWarning/Control/*ExtensionInstallVerification/Control/*IconNTP/Default/InstanceID/Enabled/*IntelligentSessionRestore/Enabled2/*LightSpeed/Control_PrefetchDWriteFontCache/*LocalNTPSuggestionsService/Control/MaterialDesignDownloads/Control/*NewProfileManagement/Enabled/NewVideoRendererTrial/Enabled/*OmniboxBundledExperimentV1/DevHQPDoesHUPLikeScoringControl/*OutOfProcessPac/Default/PasswordBranding/Disabled/*PasswordGeneration/Disabled/PasswordLinkInSettings/Enabled/PasswordManagerUI/Bubble/*PluginPowerSaver/Enabled/*PrerenderFromOmnibox/OmniboxPrerenderEnabled/*QUIC/Enabled/*RefreshTokenDeviceId/Enabled/ReportCertificateErrors/ShowAndPossiblySend/*ResourcePriorities/Disabled/SHA1IdentityUIWarning/Enabled/SHA1ToolbarUIJanuary2016/Warning/SHA1ToolbarUIJanuary2017/Error/SSLCommonNameMismatchHandling/Enabled/*SafeBrowsingIncidentReportingService/Enabled/SafeBrowsingReportPhishingErrorLink/Enabled/SafeBrowsingSocialEngineeringStrings/Disabled/SafeBrowsingUpdateFrequency/Default/*SdchPersistence/Disabled/*SimpleCacheTrial/ExperimentYes/*SiteEngagement/Default/SlimmingPaint/DisableSlimmingPaint/*StunProbeTrial/Default/SyncBackingDatabase32K/Enabled/SyncOptimisticBookmarkAssociation/Disabled/TabSyncByRecency/Enabled/*UMA-Population-Restrict/normal/*UMA-Uniformity-Trial-100-Percent/group_01/*UMA-Uniformity-Trial-20-Percent/default/*UMA-Uniformity-Trial-50-Percent/default/*UseDelayAgnosticAEC/DefaultEnabled/*VarationsServiceControl/Interval_30min/VoiceTrigger/Install/WebRTC-LocalIPPermissionCheck/Enabled/WebRTC-PeerConnectionDTLS1.2/Control/*WebRTC-SupportVP9/Default/_--metrics-client-id=E51C3D9E-0A93-A1BF-AE83-94D6D2DA2FF4_--disable-client-side-phishing-detection_--enable-offline-auto-reload_--enable-offline-auto-reload-visible-only_--num-raster-threads=2_--enable-zero-copy_--content-image-texture-target=3553,3553,3553,3553,3553,34037,3553,3553,3553,34037,3553,34037,34037_--video-image-texture-target=34037_--channel=959.90.1121415923","Google Chrome",,,
"Google Chrome_Canary.app/Contents/Versions/48.0.2541.0/Google_Chrome_Helper.app/Contents/MacOS/Google_Chrome_Helper_--type=renderer_--lang=en-US_--force-fieldtrials=AVFoundationMacVideoCapture/EnabledByFlag/AffiliationBasedMatching/Enabled/AppBannerTriggering/Conservative/AudioProcessing48kHzSupport/Enabled/*AutofillClassifier/Control/*AutofillProfileOrderByFrecency/Control/*AutomaticTabDiscarding/Control/BackgroundRendererProcesses/Disallow/*BackgroundTracing/default/CTRequiredForEVTrial/RequirementEnforced/CaptivePortalInterstitial/Enabled/*ChildAccountDetection/Enabled/ChromeDashboard/Default/*ChromeSuggestions/FeedbackRanker_Mixed_2/ChromotingQUIC/Disabled/*ClientSideDetectionModel/Model0/*CrossDevicePromo/ControlLarge/*DataReductionProxyConfigService/Control_Enabled/*DomRel-Enable/enable/*EmbeddedSearch/Group1_dev:pp6_prefetch_results:1_reuse_instant_search_base_page:1/EnableGoogleCachedCopyTextExperiment/Button/*EnhancedBookmarks/Default/*ExtensionActionRedesign/Default/*ExtensionDeveloperModeWarning/Control/*ExtensionInstallVerification/Control/*IconNTP/Default/InstanceID/Enabled/*IntelligentSessionRestore/Enabled2/*LightSpeed/Control_PrefetchDWriteFontCache/*LocalNTPSuggestionsService/Control/MaterialDesignDownloads/Control/*NewProfileManagement/Enabled/NewVideoRendererTrial/Enabled/*OmniboxBundledExperimentV1/DevHQPDoesHUPLikeScoringControl/*OutOfProcessPac/Default/PasswordBranding/Disabled/*PasswordGeneration/Disabled/PasswordLinkInSettings/Enabled/PasswordManagerUI/Bubble/*PluginPowerSaver/Enabled/*PrerenderFromOmnibox/OmniboxPrerenderEnabled/*QUIC/Enabled/*RefreshTokenDeviceId/Enabled/ReportCertificateErrors/ShowAndPossiblySend/*ResourcePriorities/Disabled/SHA1IdentityUIWarning/Enabled/SHA1ToolbarUIJanuary2016/Warning/SHA1ToolbarUIJanuary2017/Error/SSLCommonNameMismatchHandling/Enabled/*SafeBrowsingIncidentReportingService/Enabled/SafeBrowsingReportPhishingErrorLink/Enabled/SafeBrowsingSocialEngineeringStrings/Disabled/SafeBrowsingUpdateFrequency/Default/*SdchPersistence/Disabled/*SimpleCacheTrial/ExperimentYes/*SiteEngagement/Default/SlimmingPaint/DisableSlimmingPaint/*StunProbeTrial/Default/SyncBackingDatabase32K/Enabled/SyncOptimisticBookmarkAssociation/Disabled/TabSyncByRecency/Enabled/*UMA-Population-Restrict/normal/*UMA-Uniformity-Trial-100-Percent/group_01/*UMA-Uniformity-Trial-20-Percent/default/*UMA-Uniformity-Trial-50-Percent/default/*UseDelayAgnosticAEC/DefaultEnabled/*VarationsServiceControl/Interval_30min/VoiceTrigger/Install/WebRTC-LocalIPPermissionCheck/Enabled/WebRTC-PeerConnectionDTLS1.2/Control/*WebRTC-SupportVP9/Default/_--metrics-client-id=E51C3D9E-0A93-A1BF-AE83-94D6D2DA2FF4_--disable-client-side-phishing-detection_--enable-offline-auto-reload_--enable-offline-auto-reload-visible-only_--num-raster-threads=2_--enable-zero-copy_--content-image-texture-target=3553,3553,3553,3553,3553,34037,3553,3553,3553,34037,3553,34037,34037_--video-image-texture-target=34037_--channel=959.95.224479107","Google Chrome",,,
"Google Chrome.app/Contents/MacOS/Google_Chrome","Google Chrome",,,
"Google Chrome.app/Contents/Versions/46.0.2490.71/Google_Chrome_Framework.framework/Helpers/crashpad_handler_--database=/Users/jbjerke/Library/Application_Support/Google/Chrome/Crashpad_--url=https://clients2.google.com/cr/report_--annotation=plat=OS_X_--annotation=prod=Chrome_Mac_--annotation=ver=46.0.2490.71_--handshake-fd=7","Google Chrome",,,
"Google Chrome.app/Contents/Versions/46.0.2490.71/Google_Chrome_Helper.app/Contents/MacOS/Google_Chrome_Helper_--type=gpu-process_--channel=957.0.1258421553_--supports-dual-gpus=false_--gpu-driver-bug-workarounds=14,24,29,32,41,45,48,52,58_--gpu-vendor-id=0x8086_--gpu-device-id=0x0a26_--gpu-driver-vendor_--gpu-driver-version","Google Chrome",,,
"Google Chrome.app/Contents/Versions/46.0.2490.71/Google_Chrome_Helper.app/Contents/MacOS/Google_Chrome_Helper_--type=renderer_--lang=en-US_--force-fieldtrials=AffiliationBasedMatching/Enabled/AppBannerTriggering/Aggressive/AudioProcessing48kHzSupport/Default/*AutofillClassifier/Default/BackgroundRendererProcesses/Disallow/CaptivePortalInterstitial/Enabled/ChildAccountDetection/Disabled/ChromeDashboard/Default/ChromotingQUIC/Disabled/*ClientSideDetectionModel/Model0/*DomRel-Enable/enable/*EmbeddedSearch/Group6_pct:10f_stable:pp2_prefetch_results:1_reuse_instant_search_base_page:1/EnableGoogleCachedCopyTextExperiment/Button/*EnhancedBookmarks/Default/*ExtensionContentVerification/Enforce/ExtensionDeveloperModeWarning/Default/*ExtensionInstallVerification/None/FlashHardwareVideoDecode/HwVideo/*GoogleNow/Enable/*IconNTP/Default/InstanceID/Enabled/IntelligentSessionRestore/Enabled2/*NewProfileManagement/Enabled/NewVideoRendererTrial/Enabled/OmniboxBundledExperimentV1/Postperiod_AnswersInSuggest_A2/*PasswordGeneration/Disabled/PasswordLinkInSettings/Enabled/PasswordManagerUI/Infobar/*PluginPowerSaver/Enabled/PrerenderFromOmnibox/OmniboxPrerenderEnabled/*QUIC/EnabledNoIdForLargePopulation/*RefreshTokenDeviceId/Enabled/ReportCertificateErrors/ShowAndPossiblySend/SHA1IdentityUIWarning/Enabled/SHA1ToolbarUIJanuary2016/Warning/SHA1ToolbarUIJanuary2017/Error/*SafeBrowsingIncidentReportingService/Default/SafeBrowsingReportPhishingErrorLink/Disabled/SafeBrowsingSocialEngineeringStrings/Disabled/*SdchPersistence/Enabled/SessionRestoreBackgroundLoading/Restore/SlimmingPaint/EnableSlimmingPaint/SyncBackingDatabase32K/Enabled/*UMA-Dynamic-Binary-Uniformity-Trial/default/*UMA-Dynamic-Uniformity-Trial/Group3/*UMA-Population-Restrict/normal/*UMA-Uniformity-Trial-100-Percent/group_01/*UMA-Uniformity-Trial-20-Percent/default/*UMA-Uniformity-Trial-50-Percent/group_01/*UseDelayAgnosticAEC/DefaultEnabled/*VarationsServiceControl/Default/VoiceTrigger/Install/_--extension-process_--enable-webrtc-hw-h264-encoding_--disable-client-side-phishing-detection_--enable-offline-auto-reload_--enable-offline-auto-reload-visible-only_--enable-delegated-renderer_--num-raster-threads=2_--content-image-texture-target=3553,3553,3553,3553,3553,34037,3553,3553,3553,34037,3553,34037_--video-image-texture-target=34037_--channel=957.1.454692912","Google Chrome",,,
"Google Chrome.app/Contents/Versions/46.0.2490.71/Google_Chrome_Helper.app/Contents/MacOS/Google_Chrome_Helper_--type=renderer_--lang=en-US_--force-fieldtrials=AffiliationBasedMatching/Enabled/AppBannerTriggering/Aggressive/AudioProcessing48kHzSupport/Default/*AutofillClassifier/Default/*BackgroundRendererProcesses/Disallow/CaptivePortalInterstitial/Enabled/ChildAccountDetection/Disabled/ChromeDashboard/Default/ChromotingQUIC/Disabled/*ClientSideDetectionModel/Model0/*DomRel-Enable/enable/*EmbeddedSearch/Group6_pct:10f_stable:pp2_prefetch_results:1_reuse_instant_search_base_page:1/EnableGoogleCachedCopyTextExperiment/Button/*EnhancedBookmarks/Default/*ExtensionContentVerification/Enforce/ExtensionDeveloperModeWarning/Default/*ExtensionInstallVerification/None/FlashHardwareVideoDecode/HwVideo/*GoogleNow/Enable/*IconNTP/Default/InstanceID/Enabled/IntelligentSessionRestore/Enabled2/*NewProfileManagement/Enabled/NewVideoRendererTrial/Enabled/OmniboxBundledExperimentV1/Postperiod_AnswersInSuggest_A2/*PasswordGeneration/Disabled/PasswordLinkInSettings/Enabled/PasswordManagerUI/Infobar/*PluginPowerSaver/Enabled/PrerenderFromOmnibox/OmniboxPrerenderEnabled/*QUIC/EnabledNoIdForLargePopulation/*RefreshTokenDeviceId/Enabled/ReportCertificateErrors/ShowAndPossiblySend/SHA1IdentityUIWarning/Enabled/SHA1ToolbarUIJanuary2016/Warning/SHA1ToolbarUIJanuary2017/Error/*SafeBrowsingIncidentReportingService/Default/SafeBrowsingReportPhishingErrorLink/Disabled/SafeBrowsingSocialEngineeringStrings/Disabled/*SdchPersistence/Enabled/SessionRestoreBackgroundLoading/Restore/*SlimmingPaint/EnableSlimmingPaint/SyncBackingDatabase32K/Enabled/*UMA-Dynamic-Binary-Uniformity-Trial/default/*UMA-Dynamic-Uniformity-Trial/Group3/*UMA-Population-Restrict/normal/*UMA-Uniformity-Trial-100-Percent/group_01/*UMA-Uniformity-Trial-20-Percent/default/*UMA-Uniformity-Trial-50-Percent/group_01/*UseDelayAgnosticAEC/DefaultEnabled/*VarationsServiceControl/Default/VoiceTrigger/Install/_--extension-process_--enable-webrtc-hw-h264-encoding_--disable-client-side-phishing-detection_--enable-offline-auto-reload_--enable-offline-auto-reload-visible-only_--enable-delegated-renderer_--num-raster-threads=2_--content-image-texture-target=3553,3553,3553,3553,3553,34037,3553,3553,3553,34037,3553,34037_--video-image-texture-target=34037_--channel=957.2.1006491936","Google Chrome",,,
"Google Chrome.app/Contents/Versions/46.0.2490.71/Google_Chrome_Helper.app/Contents/MacOS/Google_Chrome_Helper_--type=renderer_--lang=en-US_--force-fieldtrials=AffiliationBasedMatching/Enabled/AppBannerTriggering/Aggressive/AudioProcessing48kHzSupport/Default/*AutofillClassifier/Default/*BackgroundRendererProcesses/Disallow/CaptivePortalInterstitial/Enabled/ChildAccountDetection/Disabled/ChromeDashboard/Default/ChromotingQUIC/Disabled/*ClientSideDetectionModel/Model0/*DomRel-Enable/enable/*EmbeddedSearch/Group6_pct:10f_stable:pp2_prefetch_results:1_reuse_instant_search_base_page:1/EnableGoogleCachedCopyTextExperiment/Button/*EnhancedBookmarks/Default/*ExtensionContentVerification/Enforce/ExtensionDeveloperModeWarning/Default/*ExtensionInstallVerification/None/FlashHardwareVideoDecode/HwVideo/*GoogleNow/Enable/*IconNTP/Default/InstanceID/Enabled/IntelligentSessionRestore/Enabled2/*NewProfileManagement/Enabled/NewVideoRendererTrial/Enabled/OmniboxBundledExperimentV1/Postperiod_AnswersInSuggest_A2/*PasswordGeneration/Disabled/PasswordLinkInSettings/Enabled/PasswordManagerUI/Infobar/*PluginPowerSaver/Enabled/PrerenderFromOmnibox/OmniboxPrerenderEnabled/*QUIC/EnabledNoIdForLargePopulation/*RefreshTokenDeviceId/Enabled/ReportCertificateErrors/ShowAndPossiblySend/SHA1IdentityUIWarning/Enabled/SHA1ToolbarUIJanuary2016/Warning/SHA1ToolbarUIJanuary2017/Error/*SafeBrowsingIncidentReportingService/Default/SafeBrowsingReportPhishingErrorLink/Disabled/SafeBrowsingSocialEngineeringStrings/Disabled/*SdchPersistence/Enabled/SessionRestoreBackgroundLoading/Restore/*SlimmingPaint/EnableSlimmingPaint/SyncBackingDatabase32K/Enabled/*UMA-Dynamic-Binary-Uniformity-Trial/default/*UMA-Dynamic-Uniformity-Trial/Group3/*UMA-Population-Restrict/normal/*UMA-Uniformity-Trial-100-Percent/group_01/*UMA-Uniformity-Trial-20-Percent/default/*UMA-Uniformity-Trial-50-Percent/group_01/*UseDelayAgnosticAEC/DefaultEnabled/*VarationsServiceControl/Default/VoiceTrigger/Install/_--extension-process_--enable-webrtc-hw-h264-encoding_--disable-client-side-phishing-detection_--enable-offline-auto-reload_--enable-offline-auto-reload-visible-only_--enable-delegated-renderer_--num-raster-threads=2_--content-image-texture-target=3553,3553,3553,3553,3553,34037,3553,3553,3553,34037,3553,34037_--video-image-texture-target=34037_--channel=957.3.68221232","Google Chrome",,,
"Google Chrome.app/Contents/Versions/46.0.2490.71/Google_Chrome_Helper.app/Contents/MacOS/Google_Chrome_Helper_--type=renderer_--lang=en-US_--force-fieldtrials=AffiliationBasedMatching/Enabled/AppBannerTriggering/Aggressive/AudioProcessing48kHzSupport/Default/*AutofillClassifier/Default/*BackgroundRendererProcesses/Disallow/CaptivePortalInterstitial/Enabled/ChildAccountDetection/Disabled/ChromeDashboard/Default/ChromotingQUIC/Disabled/*ClientSideDetectionModel/Model0/*DomRel-Enable/enable/*EmbeddedSearch/Group6_pct:10f_stable:pp2_prefetch_results:1_reuse_instant_search_base_page:1/EnableGoogleCachedCopyTextExperiment/Button/*EnhancedBookmarks/Default/*ExtensionContentVerification/Enforce/ExtensionDeveloperModeWarning/Default/*ExtensionInstallVerification/None/FlashHardwareVideoDecode/HwVideo/*GoogleNow/Enable/*IconNTP/Default/InstanceID/Enabled/IntelligentSessionRestore/Enabled2/*NewProfileManagement/Enabled/NewVideoRendererTrial/Enabled/OmniboxBundledExperimentV1/Postperiod_AnswersInSuggest_A2/*PasswordGeneration/Disabled/PasswordLinkInSettings/Enabled/PasswordManagerUI/Infobar/*PluginPowerSaver/Enabled/PrerenderFromOmnibox/OmniboxPrerenderEnabled/*QUIC/EnabledNoIdForLargePopulation/*RefreshTokenDeviceId/Enabled/ReportCertificateErrors/ShowAndPossiblySend/SHA1IdentityUIWarning/Enabled/SHA1ToolbarUIJanuary2016/Warning/SHA1ToolbarUIJanuary2017/Error/*SafeBrowsingIncidentReportingService/Default/SafeBrowsingReportPhishingErrorLink/Disabled/SafeBrowsingSocialEngineeringStrings/Disabled/*SdchPersistence/Enabled/SessionRestoreBackgroundLoading/Restore/*SlimmingPaint/EnableSlimmingPaint/SyncBackingDatabase32K/Enabled/*UMA-Dynamic-Binary-Uniformity-Trial/default/*UMA-Dynamic-Uniformity-Trial/Group3/*UMA-Population-Restrict/normal/*UMA-Uniformity-Trial-100-Percent/group_01/*UMA-Uniformity-Trial-20-Percent/default/*UMA-Uniformity-Trial-50-Percent/group_01/*UseDelayAgnosticAEC/DefaultEnabled/*VarationsServiceControl/Default/VoiceTrigger/Install/_--extension-process_--enable-webrtc-hw-h264-encoding_--disable-client-side-phishing-detection_--enable-offline-auto-reload_--enable-offline-auto-reload-visible-only_--enable-delegated-renderer_--num-raster-threads=2_--content-image-texture-target=3553,3553,3553,3553,3553,34037,3553,3553,3553,34037,3553,34037_--video-image-texture-target=34037_--channel=957.4.1322637279","Google Chrome",,,
"Google Chrome.app/Contents/Versions/46.0.2490.71/Google_Chrome_Helper.app/Contents/MacOS/Google_Chrome_Helper_--type=renderer_--lang=en-US_--force-fieldtrials=AffiliationBasedMatching/Enabled/AppBannerTriggering/Aggressive/AudioProcessing48kHzSupport/Default/*AutofillClassifier/Default/*BackgroundRendererProcesses/Disallow/CaptivePortalInterstitial/Enabled/ChildAccountDetection/Disabled/ChromeDashboard/Default/ChromotingQUIC/Disabled/*ClientSideDetectionModel/Model0/*DomRel-Enable/enable/*EmbeddedSearch/Group6_pct:10f_stable:pp2_prefetch_results:1_reuse_instant_search_base_page:1/EnableGoogleCachedCopyTextExperiment/Button/*EnhancedBookmarks/Default/*ExtensionContentVerification/Enforce/ExtensionDeveloperModeWarning/Default/*ExtensionInstallVerification/None/FlashHardwareVideoDecode/HwVideo/*GoogleNow/Enable/*IconNTP/Default/InstanceID/Enabled/IntelligentSessionRestore/Enabled2/*NewProfileManagement/Enabled/NewVideoRendererTrial/Enabled/OmniboxBundledExperimentV1/Postperiod_AnswersInSuggest_A2/*PasswordGeneration/Disabled/PasswordLinkInSettings/Enabled/PasswordManagerUI/Infobar/*PluginPowerSaver/Enabled/PrerenderFromOmnibox/OmniboxPrerenderEnabled/*QUIC/EnabledNoIdForLargePopulation/*RefreshTokenDeviceId/Enabled/ReportCertificateErrors/ShowAndPossiblySend/SHA1IdentityUIWarning/Enabled/SHA1ToolbarUIJanuary2016/Warning/SHA1ToolbarUIJanuary2017/Error/*SafeBrowsingIncidentReportingService/Default/SafeBrowsingReportPhishingErrorLink/Disabled/SafeBrowsingSocialEngineeringStrings/Disabled/*SdchPersistence/Enabled/SessionRestoreBackgroundLoading/Restore/*SlimmingPaint/EnableSlimmingPaint/SyncBackingDatabase32K/Enabled/*UMA-Dynamic-Binary-Uniformity-Trial/default/*UMA-Dynamic-Uniformity-Trial/Group3/*UMA-Population-Restrict/normal/*UMA-Uniformity-Trial-100-Percent/group_01/*UMA-Uniformity-Trial-20-Percent/default/*UMA-Uniformity-Trial-50-Percent/group_01/*UseDelayAgnosticAEC/DefaultEnabled/*VarationsServiceControl/Default/VoiceTrigger/Install/_--extension-process_--enable-webrtc-hw-h264-encoding_--disable-client-side-phishing-detection_--enable-offline-auto-reload_--enable-offline-auto-reload-visible-only_--enable-delegated-renderer_--num-raster-threads=2_--content-image-texture-target=3553,3553,3553,3553,3553,34037,3553,3553,3553,34037,3553,34037_--video-image-texture-target=34037_--channel=957.5.805255449","Google Chrome",,,
"Google Chrome.app/Contents/Versions/46.0.2490.71/Google_Chrome_Helper.app/Contents/MacOS/Google_Chrome_Helper_--type=renderer_--lang=en-US_--force-fieldtrials=AffiliationBasedMatching/Enabled/AppBannerTriggering/Aggressive/AudioProcessing48kHzSupport/Default/*AutofillClassifier/Default/*BackgroundRendererProcesses/Disallow/CaptivePortalInterstitial/Enabled/ChildAccountDetection/Disabled/ChromeDashboard/Default/ChromotingQUIC/Disabled/*ClientSideDetectionModel/Model0/*DomRel-Enable/enable/*EmbeddedSearch/Group6_pct:10f_stable:pp2_prefetch_results:1_reuse_instant_search_base_page:1/EnableGoogleCachedCopyTextExperiment/Button/*EnhancedBookmarks/Default/*ExtensionContentVerification/Enforce/ExtensionDeveloperModeWarning/Default/*ExtensionInstallVerification/None/FlashHardwareVideoDecode/HwVideo/*GoogleNow/Enable/*IconNTP/Default/InstanceID/Enabled/IntelligentSessionRestore/Enabled2/*NewProfileManagement/Enabled/NewVideoRendererTrial/Enabled/OmniboxBundledExperimentV1/Postperiod_AnswersInSuggest_A2/*PasswordGeneration/Disabled/PasswordLinkInSettings/Enabled/PasswordManagerUI/Infobar/*PluginPowerSaver/Enabled/PrerenderFromOmnibox/OmniboxPrerenderEnabled/*QUIC/EnabledNoIdForLargePopulation/*RefreshTokenDeviceId/Enabled/ReportCertificateErrors/ShowAndPossiblySend/SHA1IdentityUIWarning/Enabled/SHA1ToolbarUIJanuary2016/Warning/SHA1ToolbarUIJanuary2017/Error/*SafeBrowsingIncidentReportingService/Default/SafeBrowsingReportPhishingErrorLink/Disabled/SafeBrowsingSocialEngineeringStrings/Disabled/*SdchPersistence/Enabled/SessionRestoreBackgroundLoading/Restore/*SlimmingPaint/EnableSlimmingPaint/SyncBackingDatabase32K/Enabled/*UMA-Dynamic-Binary-Uniformity-Trial/default/*UMA-Dynamic-Uniformity-Trial/Group3/*UMA-Population-Restrict/normal/*UMA-Uniformity-Trial-100-Percent/group_01/*UMA-Uniformity-Trial-20-Percent/default/*UMA-Uniformity-Trial-50-Percent/group_01/*UseDelayAgnosticAEC/DefaultEnabled/*VarationsServiceControl/Default/VoiceTrigger/Install/_--extension-process_--enable-webrtc-hw-h264-encoding_--disable-client-side-phishing-detection_--enable-offline-auto-reload_--enable-offline-auto-reload-visible-only_--enable-delegated-renderer_--num-raster-threads=2_--content-image-texture-target=3553,3553,3553,3553,3553,34037,3553,3553,3553,34037,3553,34037_--video-image-texture-target=34037_--channel=957.6.1709148534","Google Chrome",,,
"Google Chrome.app/Contents/Versions/46.0.2490.71/Google_Chrome_Helper.app/Contents/MacOS/Google_Chrome_Helper_--type=renderer_--lang=en-US_--force-fieldtrials=AffiliationBasedMatching/Enabled/AppBannerTriggering/Aggressive/AudioProcessing48kHzSupport/Default/*AutofillClassifier/Default/*BackgroundRendererProcesses/Disallow/CaptivePortalInterstitial/Enabled/ChildAccountDetection/Disabled/ChromeDashboard/Default/ChromotingQUIC/Disabled/*ClientSideDetectionModel/Model0/*DomRel-Enable/enable/*EmbeddedSearch/Group6_pct:10f_stable:pp2_prefetch_results:1_reuse_instant_search_base_page:1/EnableGoogleCachedCopyTextExperiment/Button/*EnhancedBookmarks/Default/*ExtensionContentVerification/Enforce/ExtensionDeveloperModeWarning/Default/*ExtensionInstallVerification/None/FlashHardwareVideoDecode/HwVideo/*GoogleNow/Enable/*IconNTP/Default/InstanceID/Enabled/IntelligentSessionRestore/Enabled2/*NewProfileManagement/Enabled/NewVideoRendererTrial/Enabled/OmniboxBundledExperimentV1/Postperiod_AnswersInSuggest_A2/*PasswordGeneration/Disabled/PasswordLinkInSettings/Enabled/PasswordManagerUI/Infobar/*PluginPowerSaver/Enabled/PrerenderFromOmnibox/OmniboxPrerenderEnabled/*QUIC/EnabledNoIdForLargePopulation/*RefreshTokenDeviceId/Enabled/ReportCertificateErrors/ShowAndPossiblySend/SHA1IdentityUIWarning/Enabled/SHA1ToolbarUIJanuary2016/Warning/SHA1ToolbarUIJanuary2017/Error/*SafeBrowsingIncidentReportingService/Default/SafeBrowsingReportPhishingErrorLink/Disabled/SafeBrowsingSocialEngineeringStrings/Disabled/*SdchPersistence/Enabled/SessionRestoreBackgroundLoading/Restore/*SlimmingPaint/EnableSlimmingPaint/SyncBackingDatabase32K/Enabled/*UMA-Dynamic-Binary-Uniformity-Trial/default/*UMA-Dynamic-Uniformity-Trial/Group3/*UMA-Population-Restrict/normal/*UMA-Uniformity-Trial-100-Percent/group_01/*UMA-Uniformity-Trial-20-Percent/default/*UMA-Uniformity-Trial-50-Percent/group_01/*UseDelayAgnosticAEC/DefaultEnabled/*VarationsServiceControl/Default/VoiceTrigger/Install/_--extension-process_--enable-webrtc-hw-h264-encoding_--disable-client-side-phishing-detection_--enable-offline-auto-reload_--enable-offline-auto-reload-visible-only_--enable-delegated-renderer_--num-raster-threads=2_--content-image-texture-target=3553,3553,3553,3553,3553,34037,3553,3553,3553,34037,3553,34037_--video-image-texture-target=34037_--channel=957.8.253548804","Google Chrome",,,
"Google Chrome.app/Contents/Versions/46.0.2490.71/Google_Chrome_Helper.app/Contents/MacOS/Google_Chrome_Helper_--type=renderer_--lang=en-US_--force-fieldtrials=AffiliationBasedMatching/Enabled/AppBannerTriggering/Aggressive/AudioProcessing48kHzSupport/Default/*AutofillClassifier/Default/*BackgroundRendererProcesses/Disallow/*CaptivePortalInterstitial/Enabled/ChildAccountDetection/Disabled/ChromeDashboard/Default/ChromotingQUIC/Disabled/*ClientSideDetectionModel/Model0/*DomRel-Enable/enable/*EmbeddedSearch/Group6_pct:10f_stable:pp2_prefetch_results:1_reuse_instant_search_base_page:1/*EnableGoogleCachedCopyTextExperiment/Button/*EnhancedBookmarks/Default/*ExtensionContentVerification/Enforce/*ExtensionDeveloperModeWarning/Default/*ExtensionInstallVerification/None/*FlashHardwareVideoDecode/HwVideo/*GoogleNow/Enable/*IconNTP/Default/InstanceID/Enabled/*IntelligentSessionRestore/Enabled2/*NewProfileManagement/Enabled/*NewVideoRendererTrial/Enabled/*OmniboxBundledExperimentV1/Postperiod_AnswersInSuggest_A2/*PasswordGeneration/Disabled/PasswordLinkInSettings/Enabled/PasswordManagerUI/Infobar/*PluginPowerSaver/Enabled/*PrerenderFromOmnibox/OmniboxPrerenderEnabled/*QUIC/EnabledNoIdForLargePopulation/*RefreshTokenDeviceId/Enabled/*ReportCertificateErrors/ShowAndPossiblySend/SHA1IdentityUIWarning/Enabled/SHA1ToolbarUIJanuary2016/Warning/SHA1ToolbarUIJanuary2017/Error/*SafeBrowsingIncidentReportingService/Default/SafeBrowsingReportPhishingErrorLink/Disabled/SafeBrowsingSocialEngineeringStrings/Disabled/*SdchPersistence/Enabled/SessionRestoreBackgroundLoading/Restore/*SlimmingPaint/EnableSlimmingPaint/SyncBackingDatabase32K/Enabled/*UMA-Dynamic-Binary-Uniformity-Trial/default/*UMA-Dynamic-Uniformity-Trial/Group3/*UMA-Population-Restrict/normal/*UMA-Uniformity-Trial-100-Percent/group_01/*UMA-Uniformity-Trial-20-Percent/default/*UMA-Uniformity-Trial-50-Percent/group_01/*UseDelayAgnosticAEC/DefaultEnabled/*VarationsServiceControl/Default/VoiceTrigger/Install/_--disable-client-side-phishing-detection_--enable-offline-auto-reload_--enable-offline-auto-reload-visible-only_--enable-delegated-renderer_--num-raster-threads=2_--content-image-texture-target=3553,3553,3553,3553,3553,34037,3553,3553,3553,34037,3553,34037_--video-image-texture-target=34037_--channel=957.273.605349161","Google Chrome",,,
"Google Chrome.app/Contents/Versions/46.0.2490.71/Google_Chrome_Helper.app/Contents/MacOS/Google_Chrome_Helper_--type=renderer_--lang=en-US_--force-fieldtrials=AffiliationBasedMatching/Enabled/AppBannerTriggering/Aggressive/AudioProcessing48kHzSupport/Default/*AutofillClassifier/Default/*BackgroundRendererProcesses/Disallow/*CaptivePortalInterstitial/Enabled/ChildAccountDetection/Disabled/ChromeDashboard/Default/ChromotingQUIC/Disabled/*ClientSideDetectionModel/Model0/*DomRel-Enable/enable/*EmbeddedSearch/Group6_pct:10f_stable:pp2_prefetch_results:1_reuse_instant_search_base_page:1/*EnableGoogleCachedCopyTextExperiment/Button/*EnhancedBookmarks/Default/*ExtensionContentVerification/Enforce/*ExtensionDeveloperModeWarning/Default/*ExtensionInstallVerification/None/*FlashHardwareVideoDecode/HwVideo/*GoogleNow/Enable/*IconNTP/Default/InstanceID/Enabled/*IntelligentSessionRestore/Enabled2/*NewProfileManagement/Enabled/*NewVideoRendererTrial/Enabled/*OmniboxBundledExperimentV1/Postperiod_AnswersInSuggest_A2/*PasswordGeneration/Disabled/PasswordLinkInSettings/Enabled/PasswordManagerUI/Infobar/*PluginPowerSaver/Enabled/*PrerenderFromOmnibox/OmniboxPrerenderEnabled/*QUIC/EnabledNoIdForLargePopulation/*RefreshTokenDeviceId/Enabled/*ReportCertificateErrors/ShowAndPossiblySend/SHA1IdentityUIWarning/Enabled/SHA1ToolbarUIJanuary2016/Warning/SHA1ToolbarUIJanuary2017/Error/*SafeBrowsingIncidentReportingService/Default/SafeBrowsingReportPhishingErrorLink/Disabled/SafeBrowsingSocialEngineeringStrings/Disabled/*SdchPersistence/Enabled/SessionRestoreBackgroundLoading/Restore/*SlimmingPaint/EnableSlimmingPaint/SyncBackingDatabase32K/Enabled/*UMA-Dynamic-Binary-Uniformity-Trial/default/*UMA-Dynamic-Uniformity-Trial/Group3/*UMA-Population-Restrict/normal/*UMA-Uniformity-Trial-100-Percent/group_01/*UMA-Uniformity-Trial-20-Percent/default/*UMA-Uniformity-Trial-50-Percent/group_01/*UseDelayAgnosticAEC/DefaultEnabled/*VarationsServiceControl/Default/VoiceTrigger/Install/_--disable-client-side-phishing-detection_--enable-offline-auto-reload_--enable-offline-auto-reload-visible-only_--enable-delegated-renderer_--num-raster-threads=2_--content-image-texture-target=3553,3553,3553,3553,3553,34037,3553,3553,3553,34037,3553,34037_--video-image-texture-target=34037_--channel=957.277.3451025","Google Chrome",,,
"CrashPlanService -Dapp=CrashPlanService_-Xmn10m_-Xms15m_-Xmx1024m_-DappBaseName=CrashPlan_-Djava.awt.headless=true_-Dfile.encoding=UTF-8_-Dsun.net.inetaddr.ttl=300_-Dnetworkaddress.cache.ttl=300_-Dsun.net.inetaddr.negative.ttl=0_-Dnetworkaddress.cache.negative.ttl=0_-DCP_USER_NAME=_-DCP_USER_HOME=_-cp_lib/com.backup42.desktop.jar:lang_com.backup42.service.CPService_CP_USER_NAME=_CP_USER_HOME=",CrashPlan,,,
"-/bin/bash",,,,
"Activity Monitor.app/Contents/MacOS/Activity_Monitor",,,,
"Adobe Application_Manager/UWA/AAM_Updates_Notifier.app/Contents/MacOS/AAM_Updates_Notifier",,,,
"AirPort Base_Station_Agent.app/Contents/MacOS/AirPort_Base_Station_Agent_--launchd",,,,
airportd,,,,
"App Store.app/Contents/MacOS/App_Store",,,,
"appleeventsd --server",,,,
"AppleSpell -psn_0_213044",,,,
"Application Support/Box/Box_Edit/Box_Edit.app/Contents/MacOS/Box_Edit",,,,
"Application Support/Box/Box_Edit/Box_Local_Com_Server.app/Contents/MacOS/Box_Local_Com_Server",,,,
"Application Support/Seagate/TBLoopDriveParams",,,,
"Application Support/Sonos/SonosLibraryServer",,,,
"Application Support/Spotify/SpotifyWebHelper",,,,
"Application Support/Symantec/Daemon/SymDaemon.bundle/Contents/MacOS/SymDaemon",,,,
"Application Support/Symantec/SymUIAgent/SymUIAgent.app/Contents/MacOS/SymUIAgent",,,,
apsd,,,,
"Aptana Studio_3/AptanaStudio3.app/Contents/MacOS/AptanaStudio3",,,,
ARDAgent,,,,
askpermissiond,,,,
authd,,,,
autofsd,,,,
"awk {NR_==_1_&&_$0_=_header}_{if_(NR>1)_{for_(i=NF;_i>2;_i--)_$(i+1)_=_$i;_$3_=_""?""}}_{sub(""^_"",_"""",_$1);_if_(NF>12)_{args=$13;_for_(j=14;_j<=NF;_j++)_args_=_args_""_""_$j}_else_args=""<noArgs>"";_sub(""^[^\134[:_-]*/"",_"""",_$12)}_(NR>1)_{if_($4<0_||_$4>100)_$4=0;_if_($6<0_||_$6>100)_$6=0}_{if_(NR_==_1)_{print_$0}_else_{printf_""%-14.14s_%6s_%4s_%6s_%12s_%6s_%8s_%8s_%-7.7s_%1.1s_%12s_%-18.18s_%s\n"",_$1,_$2,_$3,_$4,_$5,_$6,_$7,_$8,_$9,_$10,_$11,_$12,_args}}_header=USER_PID_PSR_pctCPU_CPUTIME_pctMEM_RSZ_KB_VSZ_KB_TTY_S_ELAPSED_COMMAND_ARGS",,,,
Backdrop,,,,
"bash ./svm_stopall",,,,
BetterSnapTool,,,,
blued,,,,
"Box Sync.app/Contents/MacOS/Box_Sync",,,,
"Box Sync.app/Contents/Plugins/FinderSyncExt.appex/Contents/MacOS/FinderSyncExt",,,,
"Box Sync.app/Contents/Resources/Box_Sync_Monitor_-l_75_-p_82993",,,,
CalendarAgent,,,,
"cfprefsd agent",,,,
"cfprefsd daemon",,,,
cloudpaird,,,,
"com.apple.AccountP",,,,
"com.apple.AmbientD",,,,
"com.apple.CodeSign",,,,
"com.apple.ctkpcscd",,,,
"com.apple.dock.ext",,,,
"com.apple.Performa",,,,
"com.apple.speech.s",,,,
"com.apple.WebKit.W",,,,
"com.omnigroup.Omni",,,,
configd,,,,
coreaudiod,,,,
coreduetd,,,,
coreservicesd,,,,
corestoraged,,,,
"Crash Reporter.app/Contents/Helpers/crash-catcher_-targetPID_6510_-targetBundlePath_/Applications/TextWrangler.app_-showEmailAddressField_1",,,,
"CrashPlan menu_bar.app/Contents/MacOS/CrashPlan_menu_bar",,,,
"CrashReporterSuppo server-init",,,,
"cupsd -l",,,,
CVMServer,,,,
DashboardClient,,,,
"diagnostics_agent",,,,
diskarbitrationd,,,,
diskmanagementd,,,,
DiskUnmountWatcher,,,,
"distnoted agent",,,,
"distnoted daemon",,,,
Dock,,,,
dspluginhelperd,,,,
Evernote,,,,
EvernoteHelper,,,,
filecoordinationd,,,,
Finder,,,,
firefox,,,,
Flux,,,,
"Folder Actions_Dispatcher.app/Contents/MacOS/Folder_Actions_Dispatcher",,,,
fontd,,,,
fseventsd,,,,
hidd,,,,
HipChat,,,,
"httpd -k_start_-E_/Applications/XAMPP/xamppfiles/logs/error_log_-DSSL_-DPHP",,,,
identityservicesd,,,,
"Image Capture/Support/Image_Capture_Extension.app/Contents/MacOS/Image_Capture_Extension",,,,
imagent,,,,
installd,,,,
iTerm,,,,
"iTunesHelper -psn_0_1225003",,,,
"jamf launchDaemon_-enforceRestrictions_-monitorNetworkStateChanges",,,,
jamfAgent,,,,
kdc,,,,
KernelEventAgent,,,,
kextd,,,,
"Keychain Circle_Notification.app/Contents/MacOS/Keychain_Circle_Notification",,,,
LaterAgent,,,,
launchd,,,,
launchservicesd,,,,
locationd,,,,
logind,,,,
"loginwindow console",,,,
lsuseractivityd,,,,
mdflagwriter,,,,
"mdmclient agent",,,,
"mdmclient daemon",,,,
mDNSResponder,,,,
mds,,,,
"mds_stores",,,,
"mdworker -s_mdworker_-c_MDSImporterWorker_-m_com.apple.mdworker.shared",,,,
"mdworker -s_mdworker-sizing_-c_MDSSizingWorker_-m_com.apple.mdworker.sizing",,,,
"mdworker32 -s_mdworker-lsb_-c_MDSImporterWorker_-m_com.apple.mdworker.32bit",,,,
"Meeting Center.app/Contents/MacOS/MeetingCenter",,,,
"Menu Extras/AirPort.menu/Contents/XPCServices/com.apple.wifi.proxy.xpc/Contents/MacOS/com.apple.wifi.proxy",,,,
"Menu Extras/TextInput.menu/Contents/SharedSupport/TISwitcher.app/Contents/MacOS/TISwitcher",,,,
nbagent,,,,
nbstated,,,,
netbiosd,,,,
networkd,,,,
NotificationCenter,,,,
notifyd,,,,
nsurlstoraged,,,,
"ntpd -c_/private/etc/ntp-restrict.conf_-n_-g_-p_/var/run/ntpd.pid_-f_/var/db/ntp.drift",,,,
ocspd,,,,
OmniGraffle,,,,
opendirectoryd,,,,
pboard,,,,
"Plug-Ins/DAL/Apple",,,,
"plugin-container.a /Library/Internet_Plug-Ins/Flash_Player.plugin_-greomni_/Applications/Firefox.app/Contents/Resources/omni.ja_-appomni_/Applications/Firefox.app/Contents/Resources/browser/omni.ja_-appdir_/Applications/Firefox.app/Contents/Resources/browser_18488_gecko-crash-server-pipe.18488_org.mozilla.machname.523332341_plugin",,,,
powerd,,,,
"Preview -psn_0_520319",,,,
"Productivity Tools/WebEx_Productivity_Tools.app/Contents/MacOS/WebEx_Productivity_Tools",,,,
"ps axo_ruser,pid,pcpu,cputime,pmem,rss,vsz,tty,state,etime,command",,,,
ReceiverHelper,,,,
revisiond,,,,
"rpcsvchost -launchd_netlogon.bundle",,,,
secinitd,,,,
"securityd -i",,,,
"securityd_service",,,,
ServiceRecords,,,,
"sh ./ps.sh",,,,
sharingd,,,,
soagent,,,,
SocialPushAgent,,,,
"Software Update.app/Contents/Resources/softwareupdated",,,,
spindump,,,,
"spindump -system_stats_-microstackshots_starttime_1445554800_-microstackshots_endtime_1445641200_-system_stats_signature_com.apple.SystemStats.Daily",,,,
Spotlight,,,,
SpotlightNetHelper,,,,
"stackshot -t_-O",,,,
storeaccountd,,,,
storeassetd,,,,
storedownloadd,,,,
storelegacy,,,,
storeuid,,,,
"SubmitDiagInfo server-init",,,,
"sudo ./svm_stopall",,,,
suhelperd,,,,
SymSharedSettingsd,,,,
syslogd,,,,
sysmond,,,,
syspolicyd,,,,
"System Preferences.app/Contents/MacOS/System_Preferences",,,,
"systemstats --daily",,,,
SystemUIServer,,,,
"taskgated -s",,,,
tccd,,,,
"tee /dev/null",,,,
TextEdit,,,,
TextWrangler,,,,
thermald,,,,
TMCacheDelete,,,,
"universalAccessAut launchd_-s",,,,
"universalaccessd launchd_-s",,,,
USBAgent,,,,
usbd,,,,
"usbmuxd -launchd",,,,
"UserEventAgent (Aqua)",,,,
"UserEventAgent (System)",,,,
usernoted,,,,
warmd,,,,
watchdogd,,,,
webexpluginagent,,,,
WiFiAgent,,,,
"WindowServer -daemon",,,,
wirelessproxd,,,,
